{
  "BLEU-1": 0.7495019920317978,
  "BLEU-2": 0.5893283867368101,
  "BLEU-3": 0.44960879978086415,
  "BLEU-4": 0.3357234766156851,
  "CIDEr": 0.9444055511071325,
  "METEOR": 0.26775531899095634,
  "ROUGE-L": 0.5618669648982447
}